CLIENTE;VL_DEV;QT_DEV
12;385,97;1
114;469,47;1
137;20743,43;13
145;359,22;2
185;2225,57;5
196;1067,64;8
261;623,42;3
269;4015,49;2
392;407,34;2
461;276;1
429;14506,68;16
665;3376,82;23
1196;587,24;3
704;8070,2;3
709;1013,87;8
1228;5172,41;3
1234;873,92;4
2946;14854,8;6
2928;470,05;4
1163;11368,35;11
1564;12379,4;1
963;907,2;2
869;199,9;2
1683;63,37;1
1817;13088,11;14
916;4699,12;8
1489;8391,8;16
1617;5750,5;8
1616;7627,33;15
1529;7073,1;8
2335;351,45;5
3953;1239,19;13
2474;287,17;1
2812;706;7
2820;659,32;8
3308;84,08;1
3404;1803,86;11
3023;2188,09;8
3242;1584,48;11
3820;58;1
3469;56;1
3483;535,72;6
4092;8160,16;11
3516;1191,73;5
3580;4142,83;19
3748;44,28;1
3764;3753,5;2
3925;785,8;3
4457;110094,88;15
4362;478,88;7
4459;5380,16;9
4242;11417,16;2
4170;74,03;4
4538;345,46;4
5454;5797;2
4915;16059,4;10
5779;606,7;4
6452;563;2
4515;1976,8;8
4581;1133,98;5
6246;627,37;6
5057;1338,36;10
5084;1441,56;8
5152;5900,77;10
5079;680;1
6272;112;1
5976;262,71;1
5724;1470,06;2
6457;8417,84;7
7149;251,7;2
6088;130;1
6902;495,56;3
6508;4021,66;6
6252;400,9;6
6692;2316;2
6975;36844,15;4
6840;9992,72;9
7373;1184,7;3
7356;329;1
7351;10190,33;16
7673;221,09;1
8798;1807,02;3
9906;524,58;1
9744;27,86;1
86;4455,63;3
165;72,45;1
174;2632;4
184;1410,38;4
209;4868,24;10
274;1459,21;3
624;15125;4
615;54,34;1
740;5636,21;10
2707;27,49;2
2036;149,2;2
2449;2038,56;1
1258;1707,4;2
1256;203,96;2
859;21,95;1
2011;523,21;1
1438;13204,61;8
1601;16,9;1
1449;899,17;12
1588;6412,62;5
2306;50;1
2758;738,95;4
3908;389,32;4
2806;2877,6;2
2979;10330,45;2
3118;98,7;1
2962;619,2;1
3183;458;2
3830;3188,26;7
3534;1294,3;8
3860;1170,67;3
3638;130,6;3
3569;452,57;2
4208;6112,66;12
5626;312,6;5
5717;1718;6
5893;285,88;1
6462;1968,64;4
4706;95,5;3
5082;1104,19;4
5492;6789,13;3
5414;2216,02;4
5484;942,7;2
5990;1714,56;8
6051;333;4
6931;1010,28;5
6701;1756,5;9
7091;1079,4;1
7152;7503,03;1
7902;329,76;2
8033;0;1
7677;70,5;1
8078;203,9;2
8236;1320;1
8146;10393,9;5
8320;926;2
8564;3078;1
9204;704,24;4
8804;3284,51;2
48;91537,41;5
131;893,31;2
197;84,25;5
249;50,58;1
800;4,05;2
1905;605,98;3
1959;10492,2;1
956;9724;1
824;256,2;5
2841;105,55;1
914;11,55;1
1439;274,44;2
1587;336,51;3
2313;446,73;3
3209;1017,5;1
3241;8483,99;5
3293;1459;6
3334;163,35;1
3751;58,5;1
3692;333,71;2
4112;370;1
3935;50,2;1
4274;191,42;2
4148;2651,05;2
5799;250,48;2
4599;755,8;1
5981;337,12;3
4567;155,53;1
4784;25,95;2
5013;857,23;5
5235;3395,15;3
5452;22473,48;3
6107;49,76;2
6287;1642,98;6
6905;144;1
7042;67583,71;6
7471;287,54;1
8728;0;1
7488;71,55;2
7560;748,36;1
8092;126;1
9183;1964,55;1
9440;62;1
559;735;1
562;5902,09;3
1218;678,93;1
2433;442;1
1310;273,92;1
2790;726,85;2
947;3774,4;1
1966;1049,48;1
2405;16,92;1
1739;19,27;1
1532;554,4;1
2948;140,64;3
1907;855,15;1
1546;216,04;3
2080;4479,26;4
3039;54;1
3917;11878,78;6
3063;23,76;1
3832;626,09;3
3491;452,2;1
4607;73,9;1
6946;483,72;2
4356;15,8;1
4697;268,2;1
5689;449,6;2
5619;730,2;1
5470;2757;3
5226;53;1
5598;406;1
6122;1259,3;5
6947;770,88;1
6271;2300;1
6913;38,55;1
7364;330,02;1
7566;19486,93;2
7308;99;1
7710;1008,62;3
8132;5206,28;2
8837;69,9;1
9499;45,64;1
389;54,62;1
577;377,17;1
566;736,4;1
2459;14,16;1
1361;2914,5;1
2048;1779,8;2
3984;423,2;1
2303;75,79;2
3143;169;2
3797;25;1
3769;168,64;1
3579;109,56;2
5135;555,6;2
4346;3304,42;1
7379;373,04;2
4243;1155,2;3
4621;814,22;1
5861;433,6;1
5958;409,5;1
7071;530;1
6799;22726,75;3
6794;3431,82;2
6854;1081,75;2
7321;122;1
7051;485,5;2
7173;899;2
7946;2666,96;2
8174;140;1
8908;2330,1;1
9349;69,52;1
1159;25,26;1
2018;339;1
2415;219,28;1
2778;11322,5;1
2195;146,6;2
2600;3,54;1
3767;5837,47;4
3652;73;1
4648;662,86;1
4466;1927,73;2
4407;116,83;1
5894;135;2
4979;122,21;1
5165;3069,22;1
5829;817,29;2
6434;76,2;1
5910;203,82;2
5445;51,5;1
6706;104;1
6276;418,1;3
6439;19125,12;1
6099;49,5;1
6556;139,74;3
6489;160;1
7121;138,03;1
7300;348,66;1
7613;1103;1
8680;2530,1;2
9303;1651,42;1
10016;178;1
1153;6645,5;1
647;80,12;1
1624;1127,67;2
2777;238,8;1
3268;67;1
5647;463,9;1
5378;711,84;1
5318;19,9;1
5964;0;1
6168;1623,75;1
7541;136,8;1
7294;65,8;1
9506;936;1
9446;133,42;1
446;621,38;1
629;466,56;1
8427;317,64;1
2512;1274,7;1
2308;747;1
3208;99;1
4987;67,4;1
3596;138,74;1
4377;99,9;1
5041;138;1
6674;2102,46;1
5126;306,92;1
5984;159;1
6100;233,26;1
6531;406,8;1
6631;88,5;1
7516;675,5;1
7483;47,43;1
8238;900;1
8604;3317,19;1
8715;46,2;1
8560;104;1
8824;614,2;1
35;2932,26;12
37;594,58;3
142;32934,39;17
512;536,56;4
1144;2068,98;14
1102;24,35;1
1883;184,26;5
1133;35445,14;19
1321;15365,74;1
1244;708,97;1
903;90408,65;11
1447;7227,27;16
1914;3753,88;4
1441;229,99;1
1898;0;1
1602;748;1
2039;1426,5;4
2100;545,93;3
2114;102;1
2116;653,5;2
2161;3022,58;4
2289;68,03;2
2764;12484,35;13
2219;544,23;4
2324;320,05;5
2331;35447,4;10
2641;814,4;6
3944;364,79;3
2793;2310,87;13
3054;231;1
3058;1027,01;4
3245;162,2;2
3099;135,2;1
3790;24731,62;12
3835;4948,28;8
3418;1512,47;8
3635;4217,86;6
3673;1456,8;4
3562;2720,79;17
3875;318;2
4117;13,8;2
3602;844,04;3
3531;452,04;7
4124;512,47;7
3937;831,39;1
4005;5477,8;9
4262;108889,1;16
4614;1535,7;6
4458;3320,77;6
5015;389,25;3
4244;314;1
4626;385;5
5722;187,1;2
4273;47,2;1
4906;122255,64;9
4559;150;1
5159;4984,28;7
4768;471,29;2
4796;44,16;2
4539;2250,76;16
6447;706;1
5889;1399,45;1
4551;331,35;1
4710;13605,62;12
5142;561,56;1
4973;124,05;2
4988;2486,86;7
5022;1069,5;4
5663;3508,27;12
5234;1817,97;7
5740;4470,81;12
5950;176,48;3
6693;2265,37;12
5252;1139,2;3
5885;1880,3;7
5673;194,93;6
6337;12304,3;3
6326;3615,36;12
6753;925,61;4
6657;33232,31;6
6927;4395,77;6
6718;6302,52;1
7097;17938,24;1
7276;265;2
7407;8613,87;15
7112;31558,82;3
8064;79,43;1
7658;157;2
8043;5502,6;1
7594;456;1
8080;2023,75;5
8393;1084,81;4
8732;2572,04;3
8625;13400,4;4
8584;70;1
8741;3840,43;1
9268;1721,12;2
9094;2856,52;3
9381;67,25;1
405;25701,16;2
9591;2664,55;1
9587;9,9;1
351;873,48;3
356;4774,83;4
1880;2536,27;5
1586;179,8;1
2407;1822,93;6
2951;387,4;2
1169;78,78;1
1462;4689,71;10
2499;10356,15;1
2735;370;3
1491;6098,65;5
2208;1241,51;2
2316;183,9;2
2584;711,6;1
3922;40000,68;5
2767;59,4;1
2570;128,4;2
3077;93,13;4
3042;13788,7;1
3272;301,34;2
3774;49;1
3432;1668,85;2
4051;678,32;2
3520;17;1
6369;3000;1
4293;25;1
4561;975;2
6001;2123,27;2
5797;977,52;1
4759;485,38;2
4836;598,4;4
5149;63,8;1
5113;537,51;1
5874;503,12;2
5395;5670,9;2
6126;252;1
6712;3587,46;4
6939;101,4;1
6898;707,52;1
7387;17446,56;3
7262;758;1
7187;33,92;1
7788;6489,14;4
8358;2323,23;2
8259;77,4;1
8309;843,06;3
8222;1425;1
8301;65;1
8494;3705,56;6
9610;99;1
9484;366;1
21;726,75;4
66;146,3;1
156;5420,13;12
1844;33,54;2
2953;180,75;1
1815;185,63;1
1453;2166,97;3
1827;133,03;2
1653;84,42;1
2651;1007,93;4
2585;12,64;1
2826;1645,62;1
2645;39;1
3083;88;1
3112;966,6;2
3385;3807;1
3354;236,18;2
3035;524,72;1
3016;716,08;1
3407;2287,4;2
3657;164;1
3629;7,5;1
4100;1290,15;4
4508;110;1
5793;1957;1
5632;5215;2
5166;195,5;1
4893;45972,11;7
4897;1382,36;4
5525;330;2
7066;20,93;1
5563;105,34;2
9416;72,76;1
8465;691,4;1
6894;1469,04;3
6806;51;1
7073;55,76;3
7227;175,28;2
7335;301,35;1
7316;363,62;2
7845;2459,51;2
8016;77,7;1
7662;462,6;1
8502;1146,59;2
8757;352;1
9644;120;1
9656;42;1
9808;317,8;2
152;570,82;7
8423;29808;4
2014;1432,05;1
1333;2300,04;2
2893;346;1
849;178,27;5
891;13,8;1
2429;25;1
1953;111;1
2396;765,6;10
2054;32,29;1
2741;58,5;1
2236;361,7;3
3393;70;2
3584;3286,68;1
3689;778,8;2
5924;1134,66;1
4390;117,21;1
4397;8580;1
5965;4467,45;2
5141;2577,1;2
6738;571,08;1
7563;61,4;1
7578;24831,68;6
7923;623,64;2
7626;11562;1
8107;69;1
9465;18369,9;1
10030;826,5;1
2495;172;2
1892;650,97;4
1025;25,58;1
1429;380;2
3326;91,8;1
1821;260,75;2
3948;60,3;1
2827;46;1
3260;252,5;1
3910;2379,36;2
3838;430,92;1
4492;162,48;1
4177;55,09;1
4341;36;1
4448;104;1
5158;120;1
5396;53,9;1
6141;82;1
6062;285;1
6543;157;1
6708;2572,32;1
6862;185,01;1
7450;3553,5;1
7193;389,9;2
7912;680,32;2
8006;2050,6;1
8722;98,1;1
47;1082,45;1
101;642,5;1
1130;1192,03;1
812;814,69;2
1172;72,31;1
832;222,63;1
1401;467,4;1
1403;33;1
1956;2660,15;2
2917;38,71;2
2155;162,5;1
3870;1028,4;1
4324;72,54;1
4249;87,5;2
5784;6669,31;4
4956;34,1;1
5516;182,4;1
5268;6795;1
5254;18,36;1
6200;3845;1
6567;3357,36;1
6407;19015,17;1
6639;126;1
8096;703,5;1
9431;75;1
9483;747,9;2
502;6240;1
745;770,04;1
1411;55;1
2423;5521,2;2
2263;23,6;1
3222;88;1
2695;309,19;1
2995;22,2;1
3634;6988,8;1
4114;65;1
6035;842,8;1
4959;122,48;1
4953;3591,9;1
7290;447,33;1
5030;44,32;1
5660;240;1
5371;2970;1
7161;126;1
9680;161;1
183;30,24;1
462;4924,8;1
2024;267,2;1
2489;26;1
2710;946,56;2
2535;718,66;1
3304;390,66;1
3373;1191,2;1
3338;17,4;1
3829;20,39;1
3900;0;1
4104;1590;1
4454;580;1
4665;103;1
4309;13,22;1
4272;53;2
4947;248,62;1
5134;349,4;1
6682;179,8;1
7259;1674,2;2
8005;263,4;1
8101;51,98;1
8162;204,75;1
8751;375,81;1
8997;1794;1
9769;1257,09;1
39;3443,14;3
113;461,26;6
93;9583,83;9
56;554,6;1
235;126;1
179;1101,5;2
277;4378,74;3
262;2728,2;2
367;1078798,64;113
431;176;3
1863;1459,45;6
611;1786,03;13
622;20122,97;6
681;8698,7;7
1193;124,47;7
1220;10100,16;25
783;5029,95;8
1242;123,27;2
760;48738,53;21
1872;5694,19;23
2409;3108,63;5
1028;110719,68;11
2943;737,65;4
2450;12,6;1
834;24032;18
890;160,95;1
1633;3739,81;5
1576;11006,92;34
1642;3946,76;5
2436;7224;5
2821;351,36;2
1480;15109,28;7
2007;119,99;2
1457;264,03;5
3999;256,4;2
2202;633,77;2
2174;2468,69;7
2297;16981,74;4
2460;204,5;2
2679;657;1
2299;4308,45;19
2732;2629,17;4
2916;389,45;2
2811;165,26;1
3296;1776,4;3
2620;9294,69;3
3005;494,59;1
3289;2631,8;2
3044;168;1
3156;622,98;6
3954;360;1
3818;1399,46;1
3720;966,6;7
3816;2037,22;6
3782;41385,61;5
3737;959,25;1
4118;3456,06;6
3561;7950,5;2
3971;12888,55;10
3617;125032,15;37
6220;142;1
8341;24679,06;3
8068;3649,02;4
4335;4,41;1
7270;95;2
4934;878,22;1
4849;1937,49;6
5790;13,82;1
4733;2585,59;9
5827;406,86;3
5349;449,58;1
5384;14846,2;5
5899;2917,47;13
5200;3506,34;7
5771;450,22;5
8763;442,36;1
6828;12700;4
6918;4541,58;5
7233;145;1
7326;217;3
7178;3864,12;2
7853;1724,02;3
7980;396,14;3
7961;2852,6;7
8525;1095,3;3
8512;1339;1
8522;754,46;1
8750;160,12;1
8871;30,87;1
9354;872;1
9481;187,36;1
9798;882;2
116;3411,86;4
98;65,97;1
299;89;1
1755;1045,7;3
623;155;1
621;963,27;2
1155;419,62;3
718;1644,22;4
776;1071,92;2
1334;11950,39;4
950;109,59;1
2912;374,28;2
1766;76;1
1180;2657,56;2
1083;3065,15;6
884;379,86;5
1422;241,35;2
2902;3610,41;8
2170;910,91;1
2198;25,9;1
2523;1349,07;4
3181;1040,8;3
3199;627,27;1
3449;2019,55;3
3650;526,61;2
4036;198;2
3605;176,95;1
4028;284;1
4126;20159,36;4
4066;597,08;2
4378;1427,84;2
4140;136;1
4213;238;3
5872;11233,85;5
4871;21143,56;12
4596;24413,3;5
5876;1708,19;2
4555;230;1
5068;1569,2;2
4699;210,51;2
6264;2208,02;7
5293;17994;3
5758;1536,05;2
5477;381,64;2
5679;735,91;3
6260;472,77;2
7116;1968,5;2
7462;742,44;1
7954;156,56;2
8088;558;1
8374;270,35;1
8115;552,42;2
8672;6892,6;3
9362;120,23;1
9342;314,76;1
49;2037,68;5
438;196;2
521;655;1
1983;9392,15;3
1989;806,28;2
958;2163,1;4
1829;666,73;2
2038;4210,08;3
2118;257,84;1
2484;462,43;1
2643;2421,09;1
2658;5878,14;2
3828;895,4;1
4326;151,9;3
4429;232;1
4175;147;2
4968;165;1
5719;1731,93;2
5308;162,5;2
5418;3063,23;7
5603;470,12;2
5417;1380;2
6570;676,66;6
6720;3659,09;2
6321;7450;1
6327;156;1
6573;216;1
6313;54,9;1
7098;92;1
7490;91,58;1
8536;433,06;1
8945;64;1
9314;2,95;1
9106;486,09;2
8278;24772,26;1
9766;13649,4;1
530;1846,01;2
972;218,91;2
1916;1305,42;5
2815;285,6;2
1842;180;1
874;2630;1
1563;2559,82;3
1455;1545,66;1
3997;165,7;2
3046;958;1
3179;1428;3
3111;74,62;1
3263;74;1
3411;34;3
3978;25,6;1
4681;955,2;1
6253;48755,27;3
4543;741,57;3
4552;310,14;3
4529;1628;1
8437;60,6;1
5814;69,49;1
6509;356,4;1
6967;4706,5;2
7168;1139;1
8298;87,78;1
8439;2541,75;1
8544;171;1
8949;458,72;1
9281;11093,36;1
668;3683,82;3
2927;1190;1
1913;9,75;1
2220;428,5;3
2180;225;1
2773;4833,92;1
2579;55,35;1
3041;128;2
3890;400;1
3625;2886;1
6396;157,64;1
4157;89;1
5154;6093,18;1
4217;11502;1
4575;70;1
5957;6011;3
5684;122953,52;6
6370;1587,26;1
6490;78;1
6711;285,84;1
7130;940;1
7280;338,18;1
7291;74,4;1
8250;478,8;1
8547;1776,6;3
9048;422,62;1
9297;8969,59;3
8815;2108,09;2
272;59,43;2
1768;1339,4;1
1866;37,47;2
1554;1437,45;3
2327;34,45;1
2251;2935,2;1
2747;5817,27;4
2665;3564;1
3017;95,4;1
4041;16960;1
5871;1810;1
4731;89,02;1
5353;360;1
5753;66;1
7252;275,5;1
5128;528;2
5766;10528,8;1
7085;713,44;1
6112;67;1
6921;174,53;1
8029;160;1
7657;17,44;1
8314;2307;1
8402;309,66;1
8267;150;1
8924;183;1
9724;196,8;2
207;49,93;1
503;15405,6;2
757;100;1
2842;850,85;1
2130;4366,44;1
2921;2024,07;1
3144;1492,2;1
3100;101,08;1
3025;2969,64;1
4388;29,43;1
4146;62,9;1
5478;85,65;1
6027;3716,3;1
5080;92,88;1
6566;386,5;1
6907;89,9;1
6606;215,76;1
6691;332;1
7342;266,7;1
7053;4113,55;1
8249;5900;1
8476;150;1
8541;187,87;1
9843;227,7;1
9691;21,8;1
1211;137,98;1
1216;923,67;1
796;217;1
2458;549;1
892;126,6;1
1955;231,1;1
2185;337,92;1
2633;153;1
3438;75,6;1
3647;2660;1
3554;4018,08;1
5809;967,2;2
4576;175,29;1
5868;596,19;1
5501;1944;1
7989;268,12;1
7599;135,38;1
8937;1467;2
9137;5205;1
9252;163,8;2
9601;45;1
9502;89,96;1
72;15551,11;11
176;5,52;1
625;710,26;5
1114;8672,12;27
607;1039,93;8
664;7466,67;23
669;6203,24;4
678;576;1
741;64528,99;29
1227;14,33;1
1233;2433,18;9
2816;3075,48;11
1285;3803,22;4
2722;3138;5
1358;0;1
1346;1387,29;1
1365;39,83;3
1360;1245,59;4
1254;61166,37;19
1919;3752,92;3
1934;549,92;2
2952;2849,76;2
966;124,07;3
920;126,42;3
1638;1639,35;9
1454;23138,93;15
1603;1046,4;4
1608;530,82;6
1631;3341,07;9
1496;16760,4;6
2087;197,35;2
2138;1201;1
2469;1131,29;4
2511;14689,54;5
1527;583,6;3
1517;763,32;4
2221;21725,53;36
2276;2910,3;2
3956;217,45;3
3288;1465,2;1
2235;1079,32;8
2813;3044,94;7
2822;1499,22;1
3315;38,86;1
3233;250;2
3175;587,9;6
3282;2656,04;4
3133;214;1
3244;1069,97;2
3843;81,2;1
3779;457,04;6
3461;947,08;6
3772;636,21;9
3511;7024,92;4
3566;12388;2
3663;152,43;1
3697;66;1
3911;3000,45;4
6597;2923,29;7
4277;24804,84;3
4236;19,3;1
4820;3094,25;1
4589;401,63;4
4568;136,24;1
5973;3879,29;9
5422;7462,78;5
6461;150,47;2
5791;16,22;3
4900;995,58;1
6979;837,6;1
5552;528,81;2
5613;41702,24;28
5966;1467,1;8
5405;579,46;1
5459;136,31;1
5466;72,2;1
5883;2314,28;12
6852;12438;2
6629;243,5;2
6727;575,28;3
7099;32452,02;5
7345;796;1
7419;276,36;1
7467;3859,15;4
7654;559;1
8513;936,09;1
8467;413,03;2
8719;2143,4;2
9049;314,88;1
10;19989,5;19
112;7751,86;10
76;3494,05;1
182;379,09;1
1689;204,54;2
1178;1293,54;2
762;32,71;1
1889;472,6;4
1992;375;1
1171;2201,72;2
879;1852,54;5
2493;876,45;5
1646;915,51;2
3867;185,35;5
2382;183769,13;12
3173;2450,7;1
3886;95,27;1
2734;777,04;2
2616;1344,74;3
3095;149,7;1
3022;898,65;4
3836;46,5;1
3840;332,34;2
3741;2853,37;4
3495;2759,21;3
4048;29;1
4385;1877,65;2
4139;52,3;1
4189;591,87;5
8142;965,05;2
4736;1815,3;2
5768;17439,44;5
5629;15,2;2
4964;3248;1
5090;158;2
7243;288,4;2
5500;5673,8;3
5179;51,3;1
5321;1429,2;5
5437;947,25;1
5241;0;1
5732;975;1
6547;4149,91;4
6618;320;1
6785;755,25;4
6688;1392;1
7234;625,06;2
7817;723,36;3
8381;5255,54;3
8481;1394,44;2
8696;1891,83;1
8500;239,16;1
9648;13107,27;6
15;713,18;6
238;14819,6;5
1688;2050,15;2
547;65,87;1
690;164,3;2
717;405,13;2
1240;1504,74;1
1101;528,54;1
1266;18652,74;8
2465;776,08;5
1961;2965,04;8
2430;87,19;2
1493;79,8;1
1530;9,13;1
2312;78,21;1
2612;289,6;3
3059;90;1
3409;111,61;1
4121;312;1
2963;1324,08;2
3155;505,46;2
3116;193,8;3
3487;899,34;3
3715;235,47;3
3615;2276,24;4
3972;337,36;3
4453;362,4;1
4240;1546,64;5
4858;336,91;1
4766;484,64;3
4286;1134,32;2
5849;84,36;2
5987;19860;1
7388;53,4;1
6528;1350;1
6825;211,14;1
7829;8047,62;1
7717;479,08;2
7896;99,08;1
8208;556,2;1
8717;756,2;3
8723;167,67;1
8744;1155,6;1
8889;517,18;1
8788;215,8;4
117;63,01;2
608;167,51;2
1246;196;1
2709;169,82;1
2610;0;1
2661;33;1
3096;136;1
3620;7945,25;3
4070;472;1
4270;300,5;2
4389;64,47;1
4279;442,18;1
4193;300,2;3
5518;32,9;1
4496;182,74;4
5487;156;1
5530;148,5;1
6551;6899;3
7129;35,67;1
7949;2537,45;2
7741;470;1
7777;8845,2;1
8087;1002,45;4
8505;3479,55;3
9359;7532,44;9
9083;55,9;1
286;10,75;1
479;92;1
1344;70,1;1
1902;355,75;1
2055;16,25;1
2035;8607,82;3
2205;65;1
2603;0;1
2567;80,68;1
2564;22,86;1
3223;500,1;1
3267;9;1
3536;185,75;1
3568;187,2;2
4017;60,46;1
4997;135;1
6474;78,9;1
7021;193,36;1
6809;2071,84;1
6689;1750;2
7074;2800;1
7158;168;1
7039;51,6;1
8685;659,4;1
8523;455,73;1
9340;38;1
396;818;1
674;585,83;1
2491;453;1
1284;11355,4;1
1745;182;1
2233;221,4;1
3333;370;2
3455;69,75;1
3450;63,25;1
3472;608,8;1
4110;96;1
4006;1160,5;1
6367;316,16;1
4205;40,5;1
4468;50,66;1
4399;242,42;1
4547;1800;1
5100;586,8;1
4724;477,92;2
5147;444;1
5475;678,64;1
5998;342;1
6046;55,93;1
6113;167,96;1
6722;14,8;1
1559;67,16;1
2216;509,31;2
3920;1802,28;3
3057;39,8;1
2996;138;1
3707;2227,47;1
3552;1242,7;1
4467;99;1
4886;524;1
5539;405;1
6275;229;1
7303;353,3;1
7179;196,92;2
8062;68,28;1
7634;400;1
7919;338,19;2
8123;7907,94;2
8616;191,7;1
8979;18;1
9370;480;1
9961;2689,28;1
695;2748,28;1
1137;1161,2;1
772;62,68;1
821;4582,5;1
2210;1191,21;1
3623;81,6;1
3445;1456,12;1
4308;1361,12;1
5853;2715;1
5581;303;1
5816;2914,48;1
6190;118;1
6427;84;1
6532;42,7;1
6922;224;1
7102;762;1
8203;5253,75;1
8690;159,8;1
95;14173,68;8
103;40281,46;16
149;433,4;1
127;8108,66;9
199;7532,87;17
280;267,77;5
317;587,5;4
294;43922,05;18
482;12057,57;7
582;3648,34;10
543;2013,19;10
610;473,31;7
614;6,35;1
657;2877,22;3
1096;1530,22;20
1226;34866,92;13
813;164,65;2
799;9680,55;11
1816;18577,14;14
1219;12148,29;6
1857;364,51;1
933;285,56;5
2931;2557,69;18
1167;2895,73;5
965;1118,3;2
1435;796,12;6
1540;2406;1
1778;1528,94;11
1906;225,6;2
1511;3303,39;6
2509;80,78;3
2272;2660,53;9
2285;533,13;7
3964;3182,21;10
2175;2902,54;2
2369;3202,7;7
2464;413,18;2
2553;519,42;3
3087;538,73;7
3055;137,4;1
3350;2271,79;11
2975;4102,62;16
3339;2461,56;2
3413;6720,12;3
3646;248,31;2
3535;187,86;1
3727;905;1
3711;377,29;4
3952;620,78;6
3761;165,26;1
3763;1549,62;4
3889;3,5;1
4085;15791,31;4
4437;228,42;1
4339;1651,22;5
4200;45591,55;11
4702;755,52;6
5521;15528,56;4
4546;1177,54;4
4931;7648,8;3
4949;1151,02;3
5850;196715,25;31
6224;259;1
5890;1045;4
4500;4336,42;9
4569;215,92;2
5189;656,4;2
4803;63;2
5737;8132,23;10
4965;807,23;3
5121;1074;1
4730;267,3;3
5145;397,7;5
4880;2883,36;1
5229;12012,09;5
5932;13589,24;10
5655;7318,38;11
5333;1131,96;3
5939;639,52;2
5239;816,68;9
5181;205,85;1
5962;8268,32;1
5728;99067,89;16
5676;260;2
6124;276,4;1
6311;880,34;6
6202;4397,54;2
6215;110;1
6558;49,86;1
8922;390;1
7090;879,8;2
7281;424,78;3
7077;466,39;2
7698;258;1
7722;218;3
8135;3285,26;8
9175;1430,39;2
9152;7424;2
201;429,84;6
507;80,24;4
1787;223,02;1
1147;94051,81;26
672;1030,07;9
716;76625,29;16
782;256,81;4
1318;69;1
1331;882;2
1279;1334,72;6
2410;417,84;2
1348;16444,94;6
2604;14168,16;4
1993;1062,18;2
1761;433,43;1
1843;2994,96;2
1754;130,3;4
871;258,99;3
2475;4225;1
1431;150,1;2
2040;3940,28;2
1460;1213,96;5
2776;33,9;1
2857;47,8;1
2766;60,87;1
3328;661,92;2
3066;61586,5;5
3361;894,14;2
3792;688,69;2
3501;3454,6;3
4027;1053,67;14
3966;9618,75;9
4120;1372,6;4
4440;658,82;6
4372;5648,8;3
4382;19095,4;2
4491;938,76;4
4145;422,71;3
4645;31;1
8237;611,52;1
4675;859,25;1
5071;1183,33;8
5010;152;1
4764;9;1
5045;6;1
5108;28758,55;8
5415;9714,57;7
5409;46,02;1
5450;642;1
5261;2619,53;2
6095;21719,87;8
6635;822,83;2
7476;463,5;1
7058;83;1
7676;213,2;1
7990;567,48;2
8955;59,92;1
352;1018,9;1
88;5182,16;3
474;37;1
1243;765;1
2422;317,55;2
886;4213,23;5
2063;701,24;4
1637;818,19;2
2667;1284;2
3317;540;1
3780;45;1
3686;171,28;4
4082;13,9;1
5334;1093,2;2
4368;63;1
4616;1124,3;4
4651;1098,5;2
4753;144,56;2
5811;2514;2
5887;540;2
4668;260,17;2
5033;5365,8;3
4977;14595,66;7
4839;76;1
5667;7409,13;4
5741;1576,57;3
5449;689,96;2
5439;177,28;2
5264;432;1
7217;341,94;1
7454;42;1
7495;1909,29;5
9703;178,2;1
9550;165,51;1
9781;61,74;1
6;226,83;2
11;5562,05;3
75;11202,59;5
79;200;2
160;1117,54;2
164;436,5;1
432;457,58;2
1273;31;1
971;1722,75;1
2669;1059,52;3
2932;142,99;2
2010;234,98;1
1662;225,21;3
2850;481,63;5
2295;872,68;2
2607;402,56;4
2552;98,49;3
3897;2829,35;3
3024;205,83;1
3390;27;1
3575;191,8;1
3703;5357,92;3
3556;459,02;1
4000;44,5;1
4297;564,4;1
4281;575;3
7064;462,9;1
4786;18;1
5416;976,1;2
6077;2208,6;1
6843;740;2
8830;522,33;1
8884;108;1
9541;1014,98;1
708;78;1
970;366,76;4
2797;25,38;1
8420;112;1
1654;74,81;3
1507;55,98;2
2342;196,5;1
2159;180;1
2293;89;1
3082;338,39;3
3342;133,5;2
3157;112,8;2
3500;23,51;1
3991;5881,34;3
3995;38;1
4033;126,81;2
4039;8133;1
4083;666;2
4474;378,5;2
5907;288,6;1
5650;122,96;1
5763;1200;2
5339;172,5;1
5361;1846,8;2
6449;5063,6;2
6036;1350;1
6523;2224,8;2
6304;239,62;1
6249;2026,28;2
8023;118,51;2
7893;465,24;1
8083;92,13;1
8457;509;2
8565;212,5;1
7651;364,6;2
150;1593,62;3
1126;3859,39;5
723;188,48;2
2869;4,94;1
1434;63,6;1
2935;26771,36;1
2644;20000;1
2550;8,45;1
3091;586,18;1
3238;914,47;2
3482;519,62;2
6389;300,4;1
5509;76,51;1
5565;7,8;1
6653;42,68;1
7049;600,36;1
7391;298;1
7786;309,54;1
9149;102,9;1
9291;212;1
36;37,2;1
130;4510,92;2
713;25,9;1
2805;696,4;2
1100;999,26;1
1571;630,96;1
2124;405,58;1
2920;143,89;2
2157;19038,88;1
3382;321,8;1
3914;441,24;1
3153;391;1
3460;515;1
3993;212,9;1
3904;823,72;1
5805;4905;1
5489;104;1
5564;65;1
5710;155;1
6089;402;2
6185;277,26;1
6615;85;1
8333;48;1
1340;82,81;1
1059;817,01;1
1179;315,54;1
1652;42;1
2323;57,6;1
2466;626,19;3
2617;142,07;1
2771;32;1
3497;118,61;1
3581;475,38;1
3414;160;1
4298;223,2;1
4470;1494,18;1
4809;93;1
5960;102;1
4765;5059,2;1
4888;32;1
5534;130;1
6211;2112;1
6231;1652,4;1
6507;343,2;1
7225;1501,14;1
7672;247,5;1
8128;922,5;1
8207;451,65;1
8539;298,91;1
8820;127,2;1
9803;0;1
126;31622,63;22
210;921,8;8
213;12192,3;30
465;12580,04;7
427;1419,27;10
1852;972,1;6
1870;3029;5
483;258,68;2
541;627,28;5
1145;497,6;2
652;565,32;9
684;5028,43;24
645;2378,85;15
805;7382,05;10
1184;6327,1;26
2482;8407,94;16
1015;873,26;4
2556;38,36;1
1550;188,16;3
2900;442,8;2
2848;1836,22;9
1693;33968,47;10
2884;26637,28;5
2889;1115,6;4
2501;8252,53;20
2278;13569,54;8
2386;501,1;2
2775;6855,64;24
2388;10754,1;11
2269;1027,77;10
2618;2322,6;1
2629;824,97;5
3269;1351,64;9
3103;41,59;1
3331;437;3
3256;164,56;4
3345;102,78;1
3355;1225;1
3718;2651,2;5
3577;1078,21;6
3742;13200,22;1
3747;20804,75;5
6073;48591,85;5
4436;2720,98;2
6247;191,73;1
5947;746,3;8
5681;930,7;7
4229;25;2
4863;1404,22;4
6442;531,76;3
6897;5124,95;3
4540;1084,12;9
6773;2787,85;3
4882;5229,29;5
5828;26,94;2
4780;2142,58;3
4945;3273,33;7
5077;96,12;1
5826;11192,75;6
5216;21376,38;11
5857;161,06;1
6049;225;1
6527;224;1
6594;127,2;3
6867;8099,76;2
6827;11182,13;7
6823;1217,65;9
7850;236;2
9065;4494,23;6
9448;3078,72;2
23;53,56;1
239;216;1
414;28902,62;6
434;1884,6;20
448;1852;3
631;1209,85;7
751;1934,59;10
722;340;4
801;1045,6;3
1819;613,52;1
1201;226,17;1
1397;363,37;5
940;54,14;1
2730;660,94;3
1009;3142,64;2
1451;636,01;4
1427;3738,5;4
1976;5441,34;2
1845;1206;3
2636;648,4;5
2896;70,99;1
2083;7163,18;5
1406;1901,4;1
2724;95;1
2515;4281,76;4
2189;163,59;3
3965;1141;3
2310;825;1
2296;41,71;3
2873;499,05;4
3078;15,5;1
3319;222,2;6
3253;3179,25;5
3394;594,42;2
3854;92,8;2
5548;1631,06;2
4320;38,8;1
4923;44,97;1
5941;307;1
4620;40,17;1
4577;112;1
4740;557,6;4
4970;636,94;2
5943;1161,13;3
8018;2565,1;1
5315;1871,06;3
5476;346,88;1
6084;552,6;1
6056;207,6;2
6303;1485;2
6258;6300;1
6591;233,74;3
7530;461,97;3
7915;495,77;4
7638;5308,5;1
7787;2708,71;2
7930;70,47;1
8051;11587,95;5
7598;336,96;1
8972;2811,78;1
9101;810,9;3
815;914,98;2
1362;442;1
1903;12139,67;6
959;1219,5;2
895;173,81;2
2518;3929,7;1
1924;4362,74;2
1478;557,95;2
2101;5325,45;3
2591;17,57;1
2211;4609,05;2
2819;664,87;3
3038;4292,06;3
3210;765,25;6
2981;114;1
3205;525,2;1
3397;83;2
3514;177,6;2
3980;1149,53;4
3730;183,8;2
4971;232;1
4634;171;1
8291;225,56;1
4235;53,2;1
4231;63;1
4218;8249,88;3
4782;3085,38;8
4534;66,82;1
5935;2629,28;2
5008;422,28;4
4943;233,8;3
5000;6122,87;7
5428;7618,9;4
5059;1044,26;8
5367;2743,58;1
6581;256;1
6560;690;2
6766;160;1
6887;1299,6;1
6696;3495;1
7221;78;1
7133;578,6;1
7904;11090,36;2
7661;156,96;1
8631;197,7;1
8699;1048,32;1
9096;1226,23;2
1752;393,8;2
1177;8192,88;2
1345;837,81;2
2403;485,12;1
1764;125,89;1
1659;587,88;3
2015;42;1
1896;26154,81;2
2372;915,73;1
2602;2034,9;2
2680;106,72;1
2560;859,67;3
3794;416;1
4008;1512,21;1
3902;421,92;1
4191;854,25;1
4152;28,64;1
6459;326,09;3
4961;4017,96;6
6945;536,75;2
5562;173,64;2
4870;388,5;3
5119;72;1
5138;1476,26;3
4877;4650;1
5242;196;1
5467;23401,18;1
5996;1485,68;2
6893;14790,69;1
6663;54;1
7255;227,26;1
7296;1005;1
7844;60,48;1
8369;40,35;2
8964;2981,28;1
158;2103,99;1
281;38,19;1
270;520,42;3
649;240,85;4
1259;323,83;3
926;627,92;2
2686;7777,98;1
2494;620;2
2003;63;1
3604;327,7;2
3888;1460,32;1
3975;28;1
6636;135;1
4350;60;1
4246;258,02;3
4854;589;1
5025;328,3;2
5761;383,11;2
5344;198,78;1
5435;519,8;1
6914;10,72;1
6836;246,02;1
7088;1037,76;1
7087;710,52;1
7674;58;1
8325;10283,7;1
9677;1969,7;1
9537;240,1;2
195;230;1
327;504,33;2
651;652,42;2
787;4567,88;3
2721;910;1
1325;11613;1
1904;69,9;1
827;1224,4;1
2111;1500,03;1
1420;752,8;1
3278;1585,5;2
3230;69,8;1
4056;100,53;3
4250;1173,38;2
4735;520,41;3
4843;90,5;1
5568;2537,6;1
5370;198;1
6801;796,6;1
8668;39,38;1
8904;1120;2
194;200,43;1
544;669,6;2
643;59999,14;2
1208;176,14;3
775;152,9;1
2846;857,46;1
1762;598;1
1166;240,08;2
1931;410;1
2265;330;1
3281;4923,2;2
3651;129,9;1
4105;359,2;1
6499;810;1
4746;375,85;1
4591;1006,32;1
5747;33,84;1
6187;177,88;1
6895;1561,8;2
7406;2523,12;1
7581;510;1
9301;21,8;1
9704;133,42;2
583;24,4;1
1990;54,32;1
2768;12,95;1
2421;52;1
2332;380;1
2906;410,5;1
2595;46;1
3203;424;1
3145;35,36;1
5054;207;1
6115;33;1
6116;315;1
6880;52,75;1
6923;59;1
7206;1977;1
7883;8,28;1
8082;560;1
7693;171,4;1
8041;2624;1
9690;159,8;1
25;25671,26;34
29;10324,79;20
132;5105,16;4
387;1334,96;3
423;18247,41;23
437;7807,96;5
573;358;1
538;241,54;1
729;3987,24;13
739;10714,44;14
1213;3627,19;14
1215;318,27;1
765;3458,63;9
1197;1658,4;1
1379;24601,4;10
927;493,21;5
1941;1195,48;7
1176;1160,33;2
1238;52;2
883;19882,07;6
1577;2407,56;1
2088;1192,38;1
1962;6715,23;17
1481;836,6;6
2085;4449,38;9
2110;13,32;1
2919;360,75;2
2349;323,23;5
2241;39,39;1
2317;3136,58;6
2468;978,32;1
2343;2288;1
2169;1770,94;7
2193;506,8;1
2322;19380,47;6
2574;262;2
3945;992;1
2675;5528,99;2
2562;11118,39;6
2594;1365,55;5
3406;79,87;2
3321;46;1
3476;2032,2;2
3645;16193,93;12
3557;838;1
3597;6450,3;5
3750;853,5;1
3924;421,04;4
4300;25,2;1
5440;6977,22;3
4628;824,08;7
5531;47,7;1
4268;7669,35;10
4163;1406,51;13
4216;237,37;3
4417;56,9;1
4276;884,43;4
5812;1862,76;5
4594;9855;6
7196;1069,2;1
5989;2897,76;3
4556;597,97;4
8163;2034;1
5034;25992,25;3
4955;32,04;1
5075;198;1
5072;5917,5;11
5091;138;1
4860;40,04;1
5267;21911,57;4
5978;328,3;2
5686;435;2
5764;324,06;3
6433;423,65;8
6050;172072;14
6554;469,5;1
6829;26765,72;6
6860;4632;1
6957;729,56;1
6972;1349,12;2
7302;241,87;3
7542;583,4;3
7855;1217,82;4
7920;371;1
8127;742,56;1
8129;465;1
8351;277,5;1
9258;496,68;2
9814;132;1
8;343,42;5
50;2928,17;7
17;550,32;3
120;5729,18;4
1253;381,83;3
2448;5129,7;11
2703;233,68;2
2701;2608,34;4
1236;3754,57;4
908;906,36;5
1443;30,97;1
1456;11160,96;3
1528;140,1;2
1630;37,88;1
1878;520;4
1885;444;1
2050;39,73;2
4019;4036,3;11
2851;404,88;1
2598;391,18;4
3159;1635,57;3
3236;248,38;4
3811;7062,1;6
4135;2096,84;6
3940;39;1
4398;138,22;1
4248;720;1
7229;18710,04;1
5739;169,4;1
4966;375,8;2
5434;746,25;1
5012;180;1
5574;217,16;1
5750;13,8;1
6390;1263,66;3
6138;1133;3
6448;1220,8;2
6281;3300,86;6
6524;1066;1
6251;169,8;2
7046;260;1
7527;850;2
7363;3858,22;5
7485;1840,01;4
7681;1022,2;3
8076;575,3;3
7864;2303,6;5
8579;390;1
8602;2240;2
9036;106,38;1
9363;68,7;1
9427;1554,1;2
9616;55;1
96;652,96;1
81;2250,63;4
593;2719,32;5
597;897;1
1198;101,7;1
791;37,7;2
2447;105,81;1
2698;473,11;1
1561;1358,5;1
1650;410,5;1
1656;244,02;3
1423;3318,8;1
2140;2278,14;1
2364;3743,72;3
2215;1505,18;4
2304;4800,23;2
2298;26667,47;3
2611;158,2;1
2648;842,5;1
2659;1975,83;1
3228;25,5;1
3224;3431,4;1
3235;357,17;5
3529;2434,07;4
3664;43,7;2
3496;225;1
4361;249,26;3
4185;1300;2
4624;75;1
4211;4592,6;5
5715;1363,05;4
5513;222,16;2
4676;264,84;4
4545;171,7;5
5129;90;1
4874;322,9;1
6576;2159,74;2
5002;268,5;1
5506;1188,36;5
5535;19263,78;3
6353;110;1
6082;56,7;1
6362;48,9;1
6102;771,94;1
6549;111,1;1
8367;486,94;1
6605;644;2
6846;12380,44;4
7055;18429;1
9398;804;1
8108;43,83;1
8110;247,5;1
7851;611;1
8364;3595,72;4
9205;173,58;1
9436;3,31;1
177;459;4
617;108,56;1
601;130,9;1
732;31,25;1
715;384;1
725;1172,9;3
1971;102,09;2
842;95,31;1
1604;28,05;1
1486;1142,54;6
2823;118,71;1
2508;88,94;1
2218;125;1
3081;84,35;1
3286;5371,8;2
2987;17,8;1
3416;202,2;1
3600;339,94;2
4108;549;2
4119;32;1
3926;1543,2;2
5705;1998,02;3
4486;5535;1
5903;1527,86;3
4609;561;2
4687;2055,12;3
5493;211,28;1
5366;172,66;1
7801;175,67;1
7350;271,83;1
7917;715,6;1
8045;2746,4;5
7810;457,32;1
8371;834,72;1
8187;2686,38;4
8261;2045;2
8283;10880,92;3
9110;516,5;2
9336;78,09;1
190;2632;4
338;9441,3;1
1156;4067,8;3
2726;35,9;1
4133;207,3;1
1942;86,57;1
2444;620,56;2
2053;976,09;1
2417;9453,78;1
2596;59,97;2
3259;36;1
3020;12;1
3532;5030,9;2
3784;28,9;1
5680;59,5;1
4565;20,7;1
4528;48,63;1
7667;18882,36;2
8425;123,2;1
5426;5530,5;4
6163;474;1
7266;707,34;1
7459;43;1
8335;32260,8;1
8507;252,87;1
9473;291,7;1
1782;305,8;1
1207;3795,76;1
854;235,32;1
1918;214,52;1
2394;2135,61;1
1765;15314,09;1
1409;352;1
2212;425,7;2
2628;76;1
2959;83,4;1
3102;5022,45;1
3735;19089,63;1
4408;38;1
4488;16,98;1
4403;105,71;1
5389;266;1
5716;926,7;2
4838;99,91;2
5825;217,27;2
4936;909,57;1
4980;474,3;1
5146;2405,3;1
5541;72;1
5246;305,64;1
6176;1028,25;1
7165;41,3;1
7157;1194;2
8071;87,4;1
8074;155519,07;2
422;2244;1
488;3669,76;2
693;153,78;1
1320;273,19;1
1292;162,14;1
1658;257,84;2
1551;46,28;2
2881;1697,13;1
2113;475,92;2
3013;19,68;1
3048;407;1
3148;490;1
3523;130,36;1
4750;560;2
6949;650,04;1
4519;122,5;1
5858;22,5;1
5643;33;1
5343;34,29;1
5540;295,75;1
7733;89,67;1
8304;220;1
6054;60,3;1
6599;296,4;1
7340;19;1
7491;442,2;1
7768;1025,31;1
8735;80,92;2
8474;1650,09;1
8778;439,43;1
9356;556,3;1
9790;8262,72;1
630;324,24;1
1465;11,12;1
1578;8,03;1
2144;42,8;1
2880;167,3;1
3231;305,9;1
3444;1100;1
3429;348;1
3869;365,4;1
5833;105,34;1
4814;93,15;1
5558;134,95;1
8387;11,68;1
6278;428;1
7123;1608;1
8782;203,84;1
7953;931,59;1
7991;1917,76;1
7644;67;2
9188;654,64;1
5;2337,48;11
105;96943,46;18
123;67984,99;15
364;8054,18;4
410;86086,64;49
454;1677,7;8
679;2190,62;11
701;908,75;4
642;317845,21;18
802;11878,81;11
1119;2139,9;9
1190;1442,41;3
968;11269,6;12
1986;0;1
1548;31,64;1
1951;175,53;1
1795;505,2;1
1400;23456,13;15
2052;1457,62;8
2443;7,5;1
1628;6761,43;9
1543;5,21;1
2106;81690,93;18
2199;8547,89;5
2911;1026,56;7
2818;9734,16;4
2549;126,8;1
3371;3332,37;9
3003;1333,53;6
3400;368,3;4
3403;144;2
3184;7268,88;14
3758;1079,02;3
3571;4263,05;11
3724;1208,9;1
3527;787,8;6
3582;740;2
3616;1322,39;6
3936;2268,17;5
4102;150;1
3885;93,65;2
4404;393,37;3
7370;156278,53;3
5097;23507,41;9
4450;3473,2;3
4303;240;1
4463;1101,91;2
4401;111,6;2
4679;1954,53;10
7426;40388,8;12
5351;5419,76;1
4686;863,5;4
4522;1405,64;6
5048;1047,6;5
4846;66997,1;4
5742;34,4;3
5969;486,01;4
4779;62,9;1
5153;82;1
4859;121;1
4818;4171,72;7
5018;854,74;5
4826;2867,2;1
5225;2501,1;2
5480;3626,22;2
5240;578,85;5
5702;2280,01;5
6338;300,02;1
5712;356,75;8
5723;450;1
6125;1490,7;5
6729;6837,88;7
6743;1271,19;2
6671;1032,71;2
6956;1290,74;6
7472;213,3;1
7349;108,75;1
7766;79,6;1
8353;157,74;1
8147;4013,18;2
8528;20;1
8656;22241,24;4
9029;62,64;1
9299;6364,48;2
9376;124,64;1
9642;58,9;1
172;96,14;2
122;2485,92;4
240;126,99;3
187;39679,45;5
331;2332,64;10
380;2967,38;4
444;1100,67;6
1110;482,1;2
685;420,73;1
666;1648,33;9
670;51,26;1
747;251,5;3
931;651,91;2
8462;399,5;1
923;938,06;4
957;21612,22;13
1181;36,13;1
1054;1540,44;7
1461;255;1
1452;285,55;2
2751;585,5;2
2454;16459,8;3
2824;667,29;2
1692;10463,28;5
2020;381,94;1
1798;868,39;3
3214;2577,32;8
3015;4027,81;4
3119;861,55;4
3488;1775,3;1
3463;1446,8;3
3574;5777,44;1
3670;64,64;1
3417;491,8;6
4928;897,98;3
5745;206,42;1
4832;7643,06;2
4833;649,5;2
4800;645,5;3
5078;954,88;1
5081;830,4;1
4982;940,86;1
5238;4470,1;5
5281;1331,03;2
5180;55701,75;21
6352;6118,49;6
6437;80,39;1
6432;18337,73;4
6179;130;2
6071;29139,48;7
6912;457,27;4
7492;540;1
7160;3537,84;6
7392;322,8;2
7856;57,5;1
8366;772,6;2
8056;995,78;2
8131;328,54;2
8898;2815,64;3
9807;256;1
99;180,19;1
230;41,13;1
193;880,71;4
1286;668,4;1
1853;54913,57;4
1134;915,74;3
1033;1796,21;9
857;146,39;2
936;5262,58;7
953;3571,9;6
2954;104,9;1
2467;1160,27;3
3089;17;1
3360;20;1
3139;4762,79;2
3142;1070,7;3
3485;277,57;4
6987;7744;1
4637;142,72;2
4901;127,28;2
4932;2194,4;4
4419;570;6
7228;1128,96;1
8408;428,8;2
4521;1324,07;3
5693;2693,29;7
5934;4020,81;3
5527;15,57;1
6207;424,22;2
6685;71,72;1
8067;927,1;2
7591;146,74;1
8633;5042,45;1
8988;159,1;1
9202;142,5;1
9445;165;1
9571;1168;1
57;1145;1
226;17677,6;3
513;75;1
1281;678,42;2
1498;537,46;2
1516;2475,14;3
2398;42;1
2246;223,34;1
2224;877,66;1
3376;441,31;1
3383;386,36;1
3677;1023,91;6
3693;167;2
3518;30;1
3559;244;1
3864;1461,19;3
4606;134,46;1
4483;638,8;2
6308;230,4;1
4571;1482,76;4
4587;551,52;2
5052;964,44;1
5865;347,08;2
5945;565,95;3
5430;1197,82;4
5160;396;1
4861;78,6;2
6512;1297,56;2
5672;2248,67;3
6598;57,9;1
6772;9373,69;3
6930;1214,01;4
8253;113,35;1
8266;453,6;1
9212;1214,14;2
8872;175,84;1
9074;905;2
9593;56,8;2
9941;131,61;1
1154;71,04;1
786;141;1
1374;40,58;1
2940;218;1
1537;81,9;2
2455;2872,8;1
1611;80;1
2706;66;1
3122;766,5;1
3147;397,43;3
3140;282;1
3850;0;1
3662;220,46;2
3618;567,51;1
4072;213,16;3
3941;141,71;1
4263;25;1
4169;418,25;4
4239;3933,18;1
5305;844,52;1
4862;24,82;1
5942;2337;1
4669;110,17;1
5751;24318;1
6093;3105,73;4
6977;2500;1
7554;219,6;2
7833;66,56;1
8821;49,8;1
9254;2545,25;1
9441;250,9;2
9893;439,92;1
119;105,15;1
301;489,3;1
1757;210,41;1
1271;487,5;1
1000;2970;1
2125;3270;1
2461;343,88;1
2301;92,26;1
2347;11089,44;1
2754;8004,1;1
3572;164,11;1
3777;615,67;2
3694;1123,1;2
4495;263,01;1
5287;470;1
7871;4732,07;1
5319;629,2;2
5789;360,45;1
4954;1312,8;3
5014;2735,2;1
7204;85,12;1
6213;41,21;1
6443;8570,68;1
6775;477,25;1
9930;216;1
500;7948;1
848;48,9;1
1567;988;1
1413;694,17;1
2664;153,6;1
1938;1215;1
2242;348,94;2
2563;444,1;1
2971;53;1
3398;118,3;1
3744;768,48;1
3719;3094,38;1
3725;291;1
3958;64,8;1
6000;252;1
5411;27,79;1
6788;211,43;1
7595;10125;1
243;5591;1
779;19,99;1
2126;444,5;1
2445;3521,6;2
2714;21,01;1
3369;30;1
5808;212,62;2
4563;245,73;1
4743;682,1;1
5115;72,47;1
8443;1014,92;1
6132;239;1
7038;1493;1
8176;317;1
8405;0;1
8847;2500;1
9652;42;1
9706;326,14;1
